date,ticker,entry,ret_time,ret_tda,ret_gated,off_tda,off_gated
2017-05-15,000250,14700.0,-0.017006802721088454,-0.04761904761904767,-0.04761904761904767,5,5
2017-05-15,006260,68700.0,0.12227074235807867,0.10043668122270732,0.12227074235807867,38,40
2017-05-15,042700,3925.0,0.05095541401273884,0.008917197452229297,0.05095541401273884,9,40
2017-05-15,082920,7011.0,0.0,0.0,0.0,40,40
2017-05-15,131970,8805.0,0.1028960817717206,0.11425326519023282,0.1028960817717206,39,40
2017-05-15,139480,225500.0,0.07760532150776056,0.011086474501108556,0.0,3,35
2017-06-13,011070,155000.0,0.032258064516129004,0.016129032258064502,0.032258064516129004,2,40
2017-06-13,083650,6310.0,-0.16957210776545162,0.1727416798732171,-0.03645007923930266,15,29
2017-07-11,007810,15500.0,0.03870967741935494,0.02580645161290329,0.03870967741935494,8,40
2017-07-11,032640,15500.0,-0.13225806451612898,0.012903225806451646,0.012903225806451646,6,6
2017-07-11,138040,15150.0,0.013201320132013139,-0.0066006600660065695,0.013201320132013139,1,40
2017-07-11,195870,19400.0,0.010309278350515427,0.012886597938144284,-0.1030927835051546,1,19
2017-08-08,011070,160000.0,0.034375000000000044,0.034375000000000044,0.034375000000000044,40,40
2017-08-08,047040,7610.0,-0.06570302233902758,-0.06044678055190533,-0.06044678055190533,9,9
2017-08-08,095340,24171.0,0.04778453518679404,-0.003971701625915314,0.04778453518679404,23,40
2017-08-08,180640,25950.0,-0.24470134874759153,-0.005780346820809301,-0.021194605009633882,1,3
2017-09-06,036570,455000.0,-0.07802197802197797,0.027472527472527375,-0.08461538461538465,16,30
2017-09-06,053610,15406.0,0.08840711411138513,0.106711670777619,0.08840711411138513,33,40
2017-10-12,008930,85852.0,0.09374272002981865,0.020838186646787493,0.09374272002981865,1,40
2017-10-12,009150,102000.0,-0.025490196078431393,-0.019607843137254943,-0.019607843137254943,1,1
2017-10-12,103140,55300.0,-0.22242314647377937,-0.10126582278481011,-0.10126582278481011,12,12
2017-10-12,126340,6146.0,-0.22225837943377802,-0.08346892287666774,-0.17800195248942396,2,6
2017-10-12,140410,10614.0,0.1242698322969662,-0.014132278123233477,0.1242698322969662,4,40
2017-11-09,000150,107132.0,-0.12132696113206143,0.01102378374341928,-0.02941231378112985,1,2
2017-11-09,006400,215876.0,0.004535010839556097,-0.03174970816579892,-0.03174970816579892,25,25
2017-11-09,008930,85048.0,0.15686435895023987,0.21975825416235528,0.15686435895023987,16,40
2017-11-09,009150,102500.0,0.04878048780487809,-0.024390243902439046,-0.024390243902439046,14,14
2017-11-09,011790,37738.0,0.1581694843393926,0.04981716042185602,0.1581694843393926,2,40
2017-11-09,033240,22600.0,0.2079646017699115,0.2831858407079646,0.2079646017699115,10,40
2017-11-09,064760,58300.0,0.15608919382504283,0.1423670668953687,0.15608919382504283,17,40
2017-11-09,066970,39403.0,-0.06471588457731647,0.08940943582975924,-0.07532421389234323,10,27
2017-11-09,083450,4810.0,0.22411642411642418,0.17713097713097703,0.22411642411642418,20,40
2017-11-09,086520,4138.0,0.13194780086998548,0.03987433542774288,0.13194780086998548,18,40
2017-12-07,020150,36550.0,-0.020519835841313228,0.06429548563611487,-0.020519835841313228,31,40
2018-01-09,035720,31311.0,-0.1282616332918144,-0.23078151448372775,-0.23078151448372775,24,24
2018-01-09,051910,427500.0,-0.039766081871345005,-0.08070175438596494,-0.08070175438596494,20,20
2018-01-09,090460,26100.0,-0.22605363984674332,-0.20881226053639845,-0.20881226053639845,35,35
2018-02-06,064760,71500.0,0.051748251748251706,0.05034965034965033,0.051748251748251706,39,40
2018-02-06,108320,53100.0,-0.3286252354048964,0.0,-0.06779661016949157,6,9
2018-03-09,004000,76500.0,-0.16732026143790846,-0.03137254901960784,-0.07843137254901966,1,28
2018-03-09,008770,93500.0,0.2887700534759359,0.0802139037433156,0.2887700534759359,18,40
2018-03-09,018260,250500.0,-0.16566866267465075,-0.001996007984031989,-0.03393213572854292,12,18
2018-03-09,032350,14704.0,0.2369423286180632,0.3692872687704025,0.2369423286180632,30,40
2018-03-09,078600,16450.0,0.20060790273556228,0.20060790273556228,0.20060790273556228,40,40
2018-03-09,098460,19000.0,-0.015789473684210575,0.045263157894736894,-0.015789473684210575,12,40
2018-03-09,140410,14119.0,0.2458389404348751,0.1170054536440257,0.2458389404348751,2,40
2018-04-06,010060,129131.0,-0.28307687542108406,0.0,-0.11999442426682982,6,32
2018-04-06,039490,106500.0,0.1549201877934272,0.1549201877934272,0.1549201877934272,40,40
2018-04-06,064760,75200.0,-0.022606382978723416,0.0026595744680850686,-0.019946808510638347,4,5
2018-04-06,078600,16000.0,0.5,0.390625,0.5,34,40
2018-04-06,087010,34234.0,-0.18712391190044986,0.029619676345153945,-0.18712391190044986,5,40
2018-04-06,218410,19123.0,0.32139308685875645,0.030591434398368422,0.32139308685875645,9,40
2018-05-08,009450,62600.0,-0.03194888178913735,-0.04952076677316297,-0.04952076677316297,9,9
2018-05-08,010170,6302.0,-0.21104411298000636,-0.058235480799746164,-0.2124722310377658,11,37
2018-05-08,050890,4621.0,-0.15905648128110794,-0.15905648128110794,-0.15905648128110794,40,40
2018-05-08,081660,24800.0,0.3931451612903225,0.189516129032258,0.3931451612903225,17,40
2018-05-08,218410,22977.0,0.02332767550158854,0.025460242851547132,-0.06158332245288767,11,31
2018-06-07,010170,6225.0,-0.14248995983935742,-0.20273092369477907,-0.20273092369477907,17,17
2018-06-07,050890,4961.0,-0.07841161056238666,-0.21669018343075996,-0.21669018343075996,20,20
2018-06-07,058610,12500.0,-0.19599999999999995,-0.03200000000000003,-0.09599999999999997,1,5
2018-06-07,075580,3084.0,-0.026264591439688734,-0.0457198443579766,-0.026264591439688734,37,40
2018-06-07,222080,2580.0,0.25775193798449614,0.15116279069767447,0.25775193798449614,18,40
2018-07-06,036460,60000.0,-0.125,-0.09166666666666667,-0.09166666666666667,21,21
2018-07-06,218410,23513.0,0.13277761238463825,0.03734104537915206,0.13277761238463825,2,40
2018-08-03,122870,34550.0,0.2445730824891461,-0.01881331403762665,-0.01881331403762665,1,1
2018-08-03,183300,16680.0,-0.17254196642685848,-0.17254196642685848,-0.17254196642685848,40,40
2018-09-03,006360,48050.0,-0.1238293444328824,-0.15504682622268473,-0.15504682622268473,38,38
2018-09-03,032500,13771.0,-0.22300486529663788,-0.10355094038196211,-0.10355094038196211,26,26
2018-09-03,098460,21639.0,-0.1367438421368825,-0.043393872175239157,-0.043393872175239157,3,3
2018-09-03,218410,26635.0,-0.0036418246667918597,-0.062248920593204415,-0.0402853388398724,28,31
2018-10-05,000250,45600.0,-0.0625,-0.18201754385964908,-0.18201754385964908,21,21
2018-10-05,006400,230561.0,-0.06157155806923109,0.029727490772507137,-0.029718816278555327,1,3
2018-11-05,009970,60900.0,-0.016420361247947435,0.02298850574712641,-0.016420361247947435,9,40
2018-11-05,041510,48500.0,0.03711340206185576,0.12371134020618557,0.03711340206185576,12,40
2018-11-05,081660,45400.0,0.08370044052863435,0.1035242290748899,0.05396475770925102,33,35
2018-11-05,140410,30408.0,-0.06915943172849248,0.003288608260983983,-0.06915943172849248,1,40
2018-11-05,218410,26538.0,-0.05331976788002113,0.02939181550983494,-0.09559876403647605,1,21
2018-12-03,017670,48568.0,-0.08169988469774336,0.0,-0.04084994234887174,1,24
2018-12-03,030200,30400.0,-0.06085526315789469,-0.03453947368421051,-0.03453947368421051,25,25
2018-12-03,032640,17800.0,-0.148876404494382,-0.0252808988764045,-0.148876404494382,1,40
2018-12-03,122870,43500.0,0.005747126436781658,0.05287356321839076,0.005747126436781658,13,40
2019-01-03,007660,5915.0,-0.23381234150464925,-0.034995773457311974,-0.23381234150464925,4,40
2019-01-03,032640,18300.0,-0.1885245901639344,-0.1885245901639344,-0.1885245901639344,40,40
2019-01-03,035250,31950.0,-0.031298904538341166,0.07042253521126751,0.0015649452269170805,23,28
2019-01-03,042660,29495.0,-0.06475673843024243,-0.06475673843024243,-0.06475673843024243,40,40
2019-01-03,052020,18573.0,0.20912076670435575,0.20912076670435575,0.20912076670435575,40,40
2019-01-31,017960,7750.0,0.03870967741935494,0.1225806451612903,0.03870967741935494,30,40
2019-01-31,030000,23350.0,0.05781584582441113,0.11134903640256955,0.05781584582441113,8,40
2019-01-31,035250,34000.0,-0.06470588235294117,0.00588235294117645,-0.05882352941176472,3,8
2019-01-31,042660,32249.0,-0.21073521659586347,-0.21073521659586347,-0.21073521659586347,40,40
2019-01-31,052020,19868.0,0.008405476142540724,-0.025266760620092588,-0.025266760620092588,33,33
2019-03-06,009540,135000.0,-0.051851851851851816,-0.10370370370370374,-0.10370370370370374,27,27
2019-03-06,012450,34174.0,-0.07900743255106224,-0.010446538303973796,-0.07900743255106224,11,40
2019-03-06,081660,60700.0,0.3261943986820428,0.036243822075782584,0.3261943986820428,3,40
2019-03-06,088980,9948.0,0.15631282669883384,0.0,0.15631282669883384,1,40
2019-04-03,009420,36000.0,-0.2416666666666667,-0.05277777777777781,-0.05277777777777781,3,3
2019-04-03,012450,34633.0,-0.11766234516212859,-0.11766234516212859,-0.11766234516212859,40,40
2019-04-03,017960,8050.0,0.013664596273291973,0.0732919254658384,0.013664596273291973,28,40
2019-04-03,030000,24700.0,0.06275303643724706,0.06275303643724706,0.06275303643724706,40,40
2019-04-03,088980,10656.0,0.11664789789789798,0.0,0.11664789789789798,1,40
2019-05-31,064960,22534.0,0.15895979408893224,0.15895979408893224,0.15895979408893224,40,40
2019-07-01,053610,20103.0,-0.13694473461672385,-0.07725215142018604,-0.07725215142018604,10,10
2019-07-01,075580,3462.0,-0.11987290583477761,-0.06816868861929526,-0.06816868861929526,8,8
2019-07-29,000080,21900.0,0.21004566210045672,0.21004566210045672,0.21004566210045672,40,40
2019-07-29,004800,61472.0,0.07017829255596042,0.10025702758979693,0.07017829255596042,30,40
2019-07-29,039030,68500.0,0.22043795620437967,0.22043795620437967,0.22043795620437967,40,40
2019-08-27,000080,21800.0,0.2844036697247707,0.2889908256880733,0.2844036697247707,36,40
2019-08-27,012330,244500.0,-0.02862985685071573,0.008179959100204526,-0.012269938650306789,15,25
2019-08-27,035720,26894.0,0.05603480330185162,0.007510968989365763,0.05603480330185162,8,40
2019-08-27,036570,534000.0,-0.035580524344569264,-0.02621722846441943,-0.03183520599250933,15,33
2019-08-27,099320,22000.0,-0.09772727272727277,-0.09090909090909094,-0.09090909090909094,23,25
2019-08-27,189300,25913.0,0.3571566395245629,0.008953035156099354,0.3571566395245629,3,40
2019-09-26,000270,45350.0,-0.018743109151047377,-0.018743109151047377,-0.018743109151047377,40,40
2019-09-26,000990,16000.0,0.15625,0.006250000000000089,0.15625,1,40
2019-09-26,012330,252000.0,0.003968253968253954,-0.025793650793650813,-0.04166666666666663,3,5
2019-09-26,035720,27397.0,0.15016242654305212,-0.014636639048070998,0.15016242654305212,1,40
2019-09-26,036570,530000.0,0.007547169811320753,-0.024528301886792447,-0.024528301886792447,13,13
2019-09-26,050890,6031.0,-0.16614160172442383,-0.16614160172442383,-0.16614160172442383,40,40
2019-09-26,071050,74300.0,-0.02288021534320328,0.0026917900403768957,0.0026917900403768957,1,1
2019-09-26,089970,6510.0,-0.06298003072196623,-0.009216589861751112,-0.009216589861751112,7,7
2019-09-26,099320,19950.0,-0.07268170426065168,0.0025062656641603454,0.0025062656641603454,3,5
2019-09-26,214150,14050.0,0.18505338078291822,0.18505338078291822,0.18505338078291822,40,40
2019-09-26,229640,7960.0,-0.022613065326633208,-0.031407035175879394,-0.022613065326633208,11,40
2019-10-28,012510,70900.0,0.09590973201692532,0.07052186177715081,0.09590973201692532,35,40
2019-10-28,035720,28401.0,0.04594908629977823,0.10950318650751734,0.04594908629977823,20,40
2019-10-28,086450,13973.0,0.2564946682888427,0.2564946682888427,0.2564946682888427,40,40
2019-10-28,088980,11700.0,0.008547008547008517,0.008547008547008517,0.008547008547008517,40,40
2019-10-28,214150,13950.0,0.021505376344086002,0.07526881720430101,0.053763440860215006,23,25
2019-11-25,011790,44036.0,0.12058315923335461,0.0010673085657189052,0.12058315923335461,13,40
2019-11-25,031330,2340.0,-0.008547008547008517,-0.042735042735042694,-0.042735042735042694,12,12
2019-11-25,036530,15450.0,-0.04207119741100329,-0.016181229773462813,-0.03566343042071196,2,4
2019-11-25,039030,94800.0,0.19198312236286919,-0.016877637130801704,0.19198312236286919,1,40
2019-12-23,012330,258500.0,-0.1644100580270793,-0.025145067698259194,-0.025145067698259194,7,7
2019-12-23,036830,39476.0,0.14945789846995639,0.24179248150775146,0.14945789846995639,18,40
2019-12-23,126340,14003.0,-0.10247804041991004,-0.05127472684424761,-0.05127472684424761,38,38
2019-12-23,213420,23350.0,0.46038543897216266,0.1498929336188437,0.46038543897216266,4,40
2020-01-23,000080,31950.0,-0.3020344287949922,-0.018779342723004744,-0.08450704225352113,3,28
2020-01-23,051600,39950.0,-0.376720901126408,-0.08260325406758451,-0.08260325406758451,16,16
2020-01-23,271560,104000.0,-0.09134615384615385,0.0625,-0.019230769230769273,12,18
2020-04-21,003230,98300.0,0.37843336724313326,0.23601220752797558,0.37843336724313326,15,40
2020-04-21,006400,268743.0,0.3879840591196795,0.12386555184693182,0.3879840591196795,14,40
2020-04-21,012510,88200.0,0.23015873015873023,-0.02607709750566889,0.23015873015873023,6,40
2020-04-21,035420,175000.0,0.4257142857142857,0.34285714285714275,0.4257142857142857,27,40
2020-04-21,035720,34923.0,0.5144174326375168,0.043123443003178386,0.5144174326375168,1,40
2020-04-21,064760,70000.0,0.2557142857142858,0.2271428571428571,0.2557142857142858,19,40
2020-04-21,086450,17477.0,0.4456142358528352,0.1294272472392286,0.4456142358528352,8,40
2020-04-21,222080,3735.0,0.4457831325301205,0.09772423025435084,0.4457831325301205,1,40
2020-04-21,253450,76900.0,0.07152145643693109,0.04031209362808852,-0.0039011703511053764,1,16
2020-05-22,000990,27650.0,0.1446654611211573,0.1862567811934901,0.1446654611211573,1,40
2020-05-22,036540,5700.0,-0.06842105263157894,-0.06842105263157894,-0.06842105263157894,40,40
2020-05-22,084370,20900.0,0.47846889952153115,0.028708133971291794,0.47846889952153115,5,40
2020-05-22,131970,34768.0,0.030401518637827918,0.030401518637827918,0.030401518637827918,40,40
2020-05-22,213420,32250.0,0.09457364341085261,0.02635658914728678,0.09457364341085261,8,40
2020-06-19,089030,8885.0,0.10264490714687668,0.10264490714687668,0.10264490714687668,40,40
2020-06-19,131970,32756.0,0.2611429967028942,0.38249481011112474,0.2611429967028942,29,40
2020-06-19,213420,34450.0,0.010159651669085612,-0.007256894049346929,0.010159651669085612,23,40
2020-07-17,000250,40350.0,0.3630731102850062,0.11771995043370498,0.3630731102850062,3,40
2020-07-17,039200,25583.0,0.5132314427549545,0.25473947543290465,0.5132314427549545,31,40
2020-09-14,003160,4250.0,-0.034117647058823475,-0.07058823529411762,-0.07058823529411762,5,5
2020-10-16,095340,20850.0,0.18225419664268583,0.18225419664268583,0.18225419664268583,40,40
2020-11-13,014680,166000.0,0.12349397590361444,-0.01807228915662651,0.12349397590361444,5,40
2020-11-13,051910,682000.0,0.4780058651026393,0.18475073313782997,0.4780058651026393,11,40
2020-11-13,066970,39817.0,0.8116131300700706,0.09420599241530003,0.8116131300700706,9,40
2020-11-13,078600,42550.0,0.16098707403055235,0.1598119858989424,0.16098707403055235,24,40
2020-12-11,035900,38600.0,-0.12176165803108807,0.0,-0.01943005181347146,25,26
2020-12-11,067310,5867.0,0.31310720981762397,0.02096471791375487,0.31310720981762397,3,40
2020-12-11,222800,20750.0,0.12771084337349392,0.1325301204819278,0.12771084337349392,13,40
2020-12-11,232140,5800.0,0.25689655172413794,0.09137931034482749,0.01551724137931032,25,31
2020-12-11,285130,255537.0,0.04308182376720393,0.13315879892148685,0.04308182376720393,29,40
2020-12-11,298050,148500.0,1.053872053872054,1.053872053872054,1.053872053872054,40,40
2021-01-13,009830,67115.0,-0.17279296729494154,-0.16629665499515756,-0.16629665499515756,34,34
2021-01-13,071050,86500.0,0.009248554913294793,0.025433526011560792,0.009248554913294793,1,40
2021-01-13,267260,18500.0,0.11621621621621614,0.008108108108108025,0.11621621621621614,1,40
2021-01-13,298040,67700.0,0.07237813884785815,0.005908419497784312,0.019202363367799125,1,36
2021-02-10,009830,66871.0,-0.09515335496702604,-0.16325462457567552,-0.16325462457567552,14,14
2021-02-10,011170,292895.0,-0.052032298263883,0.058536335546868434,-0.052032298263883,7,40
2021-02-10,094170,10759.0,-0.08049075192861788,-0.1185983827493261,-0.1185983827493261,23,23
2021-02-10,126340,46344.0,-0.2791299844640083,-0.2678232349387192,-0.2678232349387192,14,14
2021-02-10,137400,25450.0,-0.04322200392927311,-0.03143418467583492,-0.03143418467583492,19,19
2021-03-15,006360,40900.0,0.11980440097799505,0.09657701711491451,0.11980440097799505,10,40
2021-03-15,027360,6080.0,0.13980263157894735,-0.047697368421052655,0.13980263157894735,6,40
2021-04-12,088350,3235.0,0.1653786707882534,0.1174652241112828,0.1653786707882534,11,40
2021-04-12,096770,264682.0,0.02230601249801656,0.02973757187870718,0.02230601249801656,2,40
2021-04-12,131290,59800.0,0.041806020066889715,0.03678929765886285,0.041806020066889715,12,40
2021-05-11,003490,29800.0,0.05033557046979875,0.010067114093959662,0.05033557046979875,2,40
2021-05-11,025540,78800.0,0.27538071065989844,0.3134517766497462,0.27538071065989844,33,40
2021-05-11,096770,264682.0,0.016729509373512474,0.022302234379368402,0.016729509373512474,39,40
2021-06-09,066970,87714.0,0.21873361151013526,0.02948218072371578,0.21873361151013526,4,40
2021-06-09,195870,34900.0,0.2836676217765044,0.2564469914040115,0.2836676217765044,28,40
2021-08-04,002380,345000.0,0.09130434782608687,-0.03188405797101446,0.09130434782608687,1,40
2021-08-04,028670,7590.0,-0.04216073781291174,0.04743083003952564,0.03425559947299073,19,20
2021-08-04,036930,14750.0,-0.26101694915254237,-0.18305084745762712,-0.18305084745762712,18,18
2021-08-04,267270,55500.0,-0.30990990990990996,-0.245945945945946,-0.245945945945946,34,34
2021-08-04,281740,4480.0,-0.0970982142857143,0.1339285714285714,0.030133928571428603,21,35
2021-09-02,002380,401000.0,-0.19700748129675816,-0.01995012468827928,-0.061097256857855387,18,20
2021-09-02,012450,52663.0,-0.17987961187171264,-0.17987961187171264,-0.17987961187171264,40,40
2021-09-02,028050,23550.0,0.00849256900212314,0.07430997876857748,0.00849256900212314,27,40
2021-09-02,067310,12599.0,0.233510596079054,0.14143979680927066,0.233510596079054,7,40
2021-09-02,078600,57200.0,0.9230769230769231,0.22377622377622375,0.9230769230769231,1,40
2021-09-02,083450,14658.0,-0.029062627916496164,-0.039295947605403225,-0.029062627916496164,32,40
2021-09-02,120110,84000.0,0.0035714285714285587,0.10595238095238102,0.0035714285714285587,4,40
2021-09-02,131290,72900.0,-0.25240054869684503,-0.15226337448559668,-0.15226337448559668,20,20
2021-09-02,166090,49100.0,0.05295315682281054,-0.09164969450101834,-0.09164969450101834,20,20
2021-10-06,041510,79800.0,-0.1741854636591479,-0.045112781954887216,-0.1741854636591479,1,40
2021-10-06,122870,65500.0,-0.1770992366412214,-0.010687022900763399,-0.1770992366412214,1,40
2021-11-04,000150,126000.0,-0.031746031746031744,0.05555555555555558,-0.12301587301587302,1,17
2021-11-04,011790,166368.0,-0.014125312560107739,-0.014125312560107739,-0.014125312560107739,1,40
2021-11-04,034020,25674.0,-0.17036690815611122,-0.17036690815611122,-0.17036690815611122,40,40
2021-12-02,095340,29800.0,0.10067114093959728,0.052013422818791843,0.10067114093959728,1,40
2021-12-30,007340,14540.0,0.011072902338376878,0.13913342503438786,0.011072902338376878,12,40
2021-12-30,035900,51000.0,-0.013725490196078383,-0.12450980392156863,-0.12450980392156863,14,14
2021-12-30,058470,39785.0,-0.08153826819152943,-0.08907879854216416,-0.08907879854216416,18,18
2021-12-30,066970,222700.0,-0.09519533004041314,-0.1522227211495285,-0.1522227211495285,35,35
2021-12-30,093370,22559.0,-0.11906556141672942,-0.04543641118843922,-0.04543641118843922,5,5
2021-12-30,095340,35350.0,-0.12305516265912309,-0.12305516265912309,-0.12305516265912309,25,25
2021-12-30,100090,21450.0,-0.1048951048951049,-0.1282051282051282,-0.1282051282051282,14,14
2021-12-30,140410,72466.0,-0.20543427262440317,0.0340849501835343,-0.15891590539011402,1,22
2021-12-30,195870,49100.0,0.06313645621181263,0.03665987780040725,-0.024439918533604943,24,27
2021-12-30,300720,21000.0,-0.10476190476190472,-0.04761904761904767,-0.04761904761904767,15,15
2022-01-28,095340,32800.0,-0.13567073170731703,-0.054878048780487854,-0.054878048780487854,5,5
2022-01-28,307950,133000.0,-0.06390977443609025,-0.1842105263157895,-0.1842105263157895,13,13
2022-03-03,007340,14701.0,0.0599278960614924,-0.08176314536426088,-0.08176314536426088,5,5
2022-03-03,011070,344000.0,-0.007267441860465129,0.14680232558139528,-0.007267441860465129,17,40
2022-03-03,067310,16711.0,-0.09460834181078337,-0.09460834181078337,-0.09460834181078337,40,40
2022-03-03,079550,71300.0,0.15568022440392704,0.06591865357643756,0.15568022440392704,1,40
2022-03-03,189300,81222.0,-0.07747900815050113,-0.013112210977321404,-0.032183398586589806,10,11
2022-03-03,195870,52200.0,0.34099616858237547,-0.0938697318007663,-0.0938697318007663,5,5
2022-03-03,298380,29900.0,-0.15719063545150502,-0.06020066889632103,-0.15719063545150502,3,40
2022-03-03,353200,24350.0,0.2422997946611909,-0.006160164271047264,0.2422997946611909,1,40
2022-04-01,000990,73400.0,-0.04495912806539515,-0.06675749318801094,-0.06675749318801094,28,28
2022-04-01,007340,15222.0,-0.06451189068453556,0.015700959138089665,-0.06451189068453556,18,40
2022-04-01,033240,24500.0,0.16530612244897958,0.24489795918367352,0.15306122448979598,9,39
2022-04-01,105560,60600.0,-0.011551155115511524,-0.018151815181518205,-0.018151815181518205,38,38
2022-04-01,108320,144000.0,-0.10833333333333328,0.03472222222222232,-0.10833333333333328,1,40
2022-04-01,189300,84029.0,0.011519832438800837,-0.027645217722452986,0.011519832438800837,12,40
2022-04-01,195870,51500.0,0.39223300970873787,0.31456310679611654,0.39223300970873787,30,40
2022-04-01,319660,24275.0,-0.061791967044284246,0.013388259526261548,-0.061791967044284246,1,40
2022-04-29,066970,215000.0,0.04883720930232549,0.28837209302325584,0.04883720930232549,14,40
2022-04-29,137400,49450.0,-0.029322548028311468,0.04954499494438824,-0.029322548028311468,14,40
2022-04-29,319660,23900.0,-0.2207112970711297,-0.18723849372384938,-0.18723849372384938,29,29
2022-05-30,007660,7585.0,-0.0834541858932103,-0.16031641397495056,-0.16031641397495056,23,23
2022-05-30,011070,381000.0,-0.048556430446194176,-0.08005249343832022,-0.08005249343832022,24,24
2022-05-30,017960,13050.0,0.04980842911877392,0.03831417624521083,-0.03065134099616862,23,25
2022-05-30,053610,29800.0,-0.15939597315436238,-0.1895973154362416,-0.1895973154362416,10,10
2022-05-30,079550,79400.0,0.035264483627204024,-0.17128463476070532,-0.17128463476070532,30,30
2022-05-30,307950,135500.0,-0.05535055350553508,-0.0627306273062731,-0.0627306273062731,4,4
2022-06-29,017960,14600.0,0.03082191780821919,-0.07191780821917804,-0.13356164383561642,3,5
2022-06-29,030200,36700.0,0.05040871934604896,0.05040871934604896,0.05040871934604896,40,40
2022-07-27,001450,32100.0,-0.028037383177570097,-0.028037383177570097,-0.028037383177570097,40,40
2022-07-27,003230,104000.0,0.028846153846153744,0.07211538461538458,0.028846153846153744,34,40
2022-07-27,004990,37400.0,0.053475935828877,0.0013368983957218195,0.053475935828877,1,40
2022-07-27,014620,10850.0,0.34562211981566815,0.018433179723502224,0.34562211981566815,1,40
2022-07-27,017960,13700.0,-0.08759124087591241,0.010948905109489093,-0.021897810218978075,1,31
2022-07-27,030200,37900.0,-0.03430079155672827,-0.03430079155672827,-0.03430079155672827,40,40
2022-07-27,047810,54800.0,-0.11861313868613144,0.03284671532846706,-0.051094890510948954,15,34
2022-07-27,056190,42000.0,-0.06190476190476191,-0.04047619047619044,-0.04047619047619044,25,25
2022-07-27,069620,191500.0,-0.2088772845953003,-0.08616187989556134,-0.08093994778067881,19,20
2022-07-27,079550,82200.0,0.09610705596107061,0.009732360097323589,0.09610705596107061,1,40
2022-07-27,090460,28650.0,0.03839441535776622,0.041884816753926746,0.03839441535776622,4,40
2022-07-27,128940,297256.0,-0.27553354684177944,-0.27553354684177944,-0.27553354684177944,40,40
2022-07-27,214370,27800.0,-0.08848920863309351,0.007913669064748108,-0.08848920863309351,1,40
2022-07-27,282330,183000.0,-0.1202185792349727,0.024590163934426146,-0.04371584699453557,1,7
2022-07-27,322000,36550.0,0.7264021887824896,0.2585499316005473,0.7264021887824896,1,40
2022-08-25,001450,33150.0,-0.021116138763197623,-0.08446455505279038,-0.08446455505279038,25,25
2022-08-25,017960,15050.0,-0.29568106312292364,-0.10963455149501666,-0.10963455149501666,11,11
2022-08-25,030200,38550.0,-0.05058365758754868,-0.11802853437094685,-0.11802853437094685,29,29
2022-08-25,035900,61800.0,-0.11650485436893199,-0.11488673139158578,-0.11488673139158578,28,28
2022-08-25,066970,238600.0,-0.11818943839061191,-0.12950544844928746,-0.12950544844928746,39,39
2022-08-25,077970,17700.0,-0.3192090395480226,-0.019774011299435013,-0.30225988700564976,1,22
2022-08-25,090460,29150.0,-0.19039451114922812,0.07032590051457976,-0.09433962264150941,4,31
2022-08-25,356860,20788.0,-0.17789109101404654,-0.17789109101404654,-0.17789109101404654,40,40
2022-09-26,004990,39400.0,-0.18020304568527923,-0.0076142131979695105,-0.0076142131979695105,2,2
2022-10-26,003230,111000.0,0.1576576576576576,-0.013513513513513487,0.1576576576576576,1,40
2022-10-26,006260,64000.0,0.15937500000000004,0.06718749999999996,0.15937500000000004,9,40
2022-10-26,033780,92800.0,0.0387931034482758,0.0,0.0387931034482758,12,40
2022-10-26,097950,417500.0,-0.06826347305389224,-0.003592814371257469,-0.10059880239520957,1,36
2022-10-26,280360,131500.0,-0.05323193916349811,-0.01520912547528519,-0.01520912547528519,21,21
2022-11-23,003550,83200.0,-0.02043269230769229,-0.03125,-0.03125,14,14
2022-11-23,009830,65374.0,-0.1345489032337015,-0.1345489032337015,-0.1345489032337015,40,40
2022-11-23,012450,72629.0,0.05890209145107317,0.03784989467017308,-0.07435046606727336,26,30
2022-11-23,014620,16300.0,-0.245398773006135,-0.245398773006135,-0.245398773006135,40,40
2022-11-23,032830,68100.0,0.04992657856093974,0.02496328928046987,0.04992657856093974,1,40
2022-11-23,035900,61000.0,0.10000000000000009,0.10000000000000009,0.10000000000000009,40,40
2022-11-23,058610,18700.0,0.02673796791443861,0.02673796791443861,0.02673796791443861,40,40
2022-11-23,064350,29850.0,-0.1222780569514238,0.0016750418760469454,-0.1222780569514238,1,40
2022-11-23,078930,47100.0,-0.04458598726114649,-0.019108280254777066,-0.039278131634819524,1,10
2022-11-23,079550,94200.0,-0.17728237791932056,-0.01273885350318471,-0.01273885350318471,1,1
2022-11-23,094170,9210.0,-0.13072747014115094,-0.0684039087947883,-0.0684039087947883,28,28
2022-11-23,207940,1312796.0,-0.10650245735057084,-0.10650245735057084,-0.10650245735057084,40,40
2022-11-23,271560,111500.0,0.08968609865470856,0.03587443946188351,0.08968609865470856,7,40
2022-11-23,277810,35100.0,0.7407407407407407,-0.012820512820512775,0.7407407407407407,26,40
2022-11-23,280360,130000.0,-0.09615384615384615,-0.0038461538461538325,-0.0038461538461538325,1,1
2022-12-21,006260,74200.0,-0.06873315363881405,-0.06873315363881405,-0.06873315363881405,40,40
2022-12-21,012450,73851.0,0.20137845120580633,0.020676768087094288,-0.08966703226767414,6,10
2022-12-21,064350,27700.0,-0.06859205776173283,0.03429602888086647,-0.032490974729241895,4,21
2022-12-21,094170,9528.0,-0.12048698572628047,-0.09949622166246852,-0.09949622166246852,8,8
2022-12-21,112610,71100.0,-0.057665260196905765,-0.09001406469760898,-0.09001406469760898,25,25
2022-12-21,277810,33350.0,1.239880059970015,0.038980509745127456,1.239880059970015,6,40
2023-01-19,012450,76907.0,0.2966960094659783,0.2794804114059839,0.2966960094659783,31,40
2023-01-19,032830,71500.0,-0.09510489510489506,-0.06433566433566429,-0.06433566433566429,9,9
2023-01-19,058610,19200.0,0.6484375,0.28385416666666674,0.6484375,34,40
2023-01-19,214370,27820.0,0.46297627606038816,0.3299784327821711,0.46297627606038816,14,40
2023-02-20,005490,347000.0,0.1974063400576369,-0.0720461095100865,0.1974063400576369,19,40
2023-02-20,009970,65900.0,-0.03793626707132014,0.036418816388467334,-0.04400606980273136,1,36
2023-02-20,058610,18640.0,0.6523605150214593,0.32242489270386265,0.6523605150214593,14,40
2023-02-20,101490,29800.0,0.46140939597315445,0.23154362416107377,0.46140939597315445,19,40
2023-03-21,000250,57600.0,0.11111111111111116,0.21701388888888884,0.14236111111111116,28,30
2023-03-21,004370,360500.0,0.19278779472954222,0.03190013869625519,0.19278779472954222,9,40
2023-03-21,006110,72900.0,0.026063100137174278,-0.012345679012345734,0.026063100137174278,12,40
2023-03-21,009970,65400.0,0.051987767584097844,-0.03669724770642202,-0.03669724770642202,16,16
2023-03-21,082920,8523.0,0.10066877859908474,0.11251906605655293,0.10066877859908474,5,40
2023-03-21,101490,35850.0,0.3835425383542539,0.02092050209205021,0.3835425383542539,1,40
2023-03-21,114090,19890.0,-0.004022121669180478,0.008044243338360957,-0.03569632981397686,7,34
2023-03-21,140860,138600.0,0.03896103896103886,-0.029581529581529598,0.03896103896103886,1,40
2023-03-21,192820,80100.0,0.06866416978776524,0.0012484394506866447,-0.0449438202247191,5,28
2023-03-21,204270,6730.0,0.2644873699851411,0.07132243684992567,0.2644873699851411,1,40
2023-03-21,241560,41350.0,0.25755743651753327,0.026602176541717037,0.25755743651753327,5,40
2023-03-21,271560,132500.0,-0.014339622641509453,0.08000000000000007,-0.014339622641509453,30,40
2023-03-21,298020,424000.0,-0.03301886792452835,0.024764150943396235,0.024764150943396235,1,1
2023-04-18,138040,42700.0,0.00936768149882905,0.07025761124121788,0.00936768149882905,10,40
2023-04-18,192820,82900.0,0.10253317249698424,-0.07720144752714109,-0.07720144752714109,8,8
2023-04-18,267270,56300.0,0.3321492007104796,0.21669626998223812,0.3321492007104796,38,40
2023-04-18,271560,138300.0,-0.11207519884309469,0.03470715835141003,-0.0657989877078814,10,28
2023-05-18,042660,22610.0,0.8585581601061478,0.14537815126050413,0.8585581601061478,11,40
2023-05-18,082920,9381.0,0.11896386312759843,0.0,0.11896386312759843,10,40
2023-05-18,138040,44600.0,0.017937219730941756,0.03363228699551568,0.017937219730941756,1,40
2023-06-19,161580,10470.0,-0.1404011461318052,0.9579751671442216,-0.1404011461318052,17,40
2023-07-17,095340,85600.0,0.053738317757009435,0.1588785046728971,0.025700934579439227,6,39
2023-07-17,101490,59800.0,-0.21989966555183948,-0.0050167224080267525,-0.1387959866220736,1,7
2023-07-17,323280,3601.0,-0.08247708969730627,-0.16995279089141901,-0.08247708969730627,7,40
2023-08-14,058610,32400.0,-0.043209876543209846,0.32253086419753085,0.01388888888888884,18,33
2023-08-14,290650,38550.0,-0.21141374837872895,-0.025940337224383936,-0.08300907911802857,1,3
2023-09-12,039200,30650.0,-0.3500815660685155,-0.05872756933115819,-0.0636215334420881,1,4
2023-09-12,290650,37350.0,-0.07095046854082998,-0.07496653279785814,-0.07496653279785814,11,11
2023-09-12,326030,87000.0,0.010344827586206806,-0.01839080459770115,-0.01839080459770115,14,14
2023-10-17,039030,156100.0,-0.08199871877001919,0.024983984625240208,-0.08199871877001919,17,40
2023-10-17,204270,10580.0,0.3166351606805293,-0.051984877126654117,0.3166351606805293,2,40
2023-10-17,241710,35150.0,0.1095305832147937,0.021337126600284417,0.1095305832147937,9,40
2023-10-17,267260,75700.0,0.05812417437252315,0.05812417437252315,0.05812417437252315,40,40
2023-10-17,403870,34350.0,0.289665211062591,-0.05094614264919939,0.289665211062591,2,40
2023-11-14,166090,50500.0,0.05148514851485153,-0.012871287128712883,-0.012871287128712883,2,2
2023-11-14,196170,67000.0,0.3955223880597014,0.10000000000000009,0.3955223880597014,7,40
2023-11-14,214150,38050.0,-0.06438896189224708,-0.06438896189224708,-0.06438896189224708,40,40
2023-11-14,298040,190200.0,-0.045215562565720346,-0.045215562565720346,-0.045215562565720346,40,40
2023-12-12,042700,58900.0,0.3480475382003396,-0.001697792869269965,-0.001697792869269965,19,19
2023-12-12,138040,58400.0,0.2191780821917808,-0.015410958904109595,0.2191780821917808,5,40
2023-12-12,175330,10630.0,0.13828786453433684,0.13828786453433684,0.13828786453433684,40,40
2023-12-12,214150,37850.0,-0.249669749009247,-0.08058124174372527,-0.08058124174372527,25,25
2023-12-12,326030,90500.0,-0.053038674033149213,0.06850828729281777,-0.0011049723756906271,19,28
2024-01-12,039030,156800.0,0.14987244897959173,0.23788265306122458,0.14987244897959173,6,40
2024-01-12,084370,42500.0,-0.15647058823529414,-0.09176470588235297,-0.09176470588235297,32,32
2024-01-12,138040,59400.0,0.404040404040404,0.006734006734006703,0.404040404040404,4,40
2024-01-12,175330,10690.0,0.24883068288119747,0.1655753040224508,0.24883068288119747,23,40
2024-01-12,195940,43100.0,-0.17053364269141535,0.019721577726218076,-0.17053364269141535,2,40
2024-01-12,280360,132400.0,-0.058157099697885184,-0.04909365558912382,-0.04909365558912382,7,7
2024-02-13,042700,79400.0,0.885390428211587,0.19269521410579338,0.885390428211587,17,40
2024-02-13,050890,6320.0,-0.04272151898734178,0.009493670886076,-0.04113924050632911,7,11
2024-02-13,196170,84500.0,1.0603550295857986,1.294674556213018,1.0603550295857986,14,40
2024-03-13,009420,39250.0,-0.13885350318471334,-0.028025477707006363,-0.15923566878980888,11,16
2024-04-11,272210,17020.0,0.07403055229142175,0.11927144535840184,0.07403055229142175,17,40
2024-05-13,064760,120200.0,0.14392678868552422,-0.005823627287853572,-0.005823627287853572,1,1
2024-05-13,294870,18000.0,-0.02777777777777779,-0.022222222222222254,-0.022222222222222254,38,38
2024-06-12,001040,132500.0,-0.12754716981132075,-0.049056603773584895,-0.049056603773584895,7,7
2024-06-12,073240,6840.0,-0.3355263157894737,-0.08187134502923976,-0.08187134502923976,21,21
2024-06-12,079550,172300.0,0.15380150899593725,0.20429483459082998,0.15380150899593725,7,40
2024-06-12,086790,60800.0,-0.014802631578947345,-0.014802631578947345,-0.014802631578947345,40,40
2024-06-12,402340,90300.0,-0.20155038759689925,0.1406423034330011,-0.04761904761904767,17,35
2024-07-10,006260,159800.0,-0.3710888610763454,-0.3410513141426783,-0.3410513141426783,17,17
2024-07-10,071320,48450.0,0.056759545923632526,-0.01754385964912286,-0.031991744066047434,1,4
2024-07-10,086790,62400.0,0.009615384615384581,0.0032051282051281937,0.009615384615384581,39,40
2024-07-10,103140,68300.0,-0.06442166910688141,0.026354319180087904,-0.06442166910688141,3,40
2024-07-10,237690,97000.0,0.020618556701030855,-0.05154639175257736,-0.05154639175257736,7,7
2024-09-05,042660,32100.0,0.16978193146417442,-0.07320872274143297,-0.07320872274143297,1,1
2024-09-05,161890,70900.0,-0.14527503526093088,0.028208744710860323,-0.04795486600846266,8,31
2024-09-05,192400,24700.0,-0.05668016194331982,-0.006072874493927127,-0.05668016194331982,2,40
2024-09-05,214150,51000.0,-0.05882352941176472,0.084313725490196,-0.05882352941176472,16,40
2024-10-11,001720,83600.0,-0.10765550239234445,-0.00837320574162681,-0.037081339712918715,1,16
2024-10-11,005830,113300.0,-0.07855251544571928,0.0026478375992939895,-0.029126213592232997,7,9
2024-10-11,039200,40500.0,-0.44074074074074077,0.03333333333333344,-0.07160493827160497,2,7
2024-10-11,055550,57100.0,-0.12434325744308228,0.017513134851138368,0.005253940455341555,1,3
2024-10-11,082740,14480.0,-0.01933701657458564,0.07527624309392267,-0.01933701657458564,22,40
2024-10-11,087010,76200.0,0.08136482939632539,0.49081364829396334,0.08136482939632539,21,40
2024-10-11,105560,92500.0,-0.09621621621621623,0.037837837837837895,-0.08216216216216221,1,39
2024-10-11,161890,69700.0,-0.2783357245337159,-0.031563845050215256,-0.031563845050215256,11,11
2024-10-11,192400,23500.0,-0.04255319148936165,-0.025531914893617058,-0.04255319148936165,2,40
2024-10-11,259960,329000.0,-0.06382978723404253,0.05319148936170204,-0.06382978723404253,11,40
2024-10-11,267260,310000.0,0.11290322580645151,0.0370967741935484,-0.016129032258064502,1,3
2024-11-08,003230,576000.0,0.25,-0.09895833333333337,-0.09895833333333337,13,13
2024-11-08,003570,26300.0,-0.2395437262357415,-0.2726235741444867,-0.2726235741444867,31,31
2024-11-08,009540,194000.0,0.21907216494845372,0.09278350515463907,-0.046391752577319534,14,20
2024-11-08,014620,14900.0,0.6845637583892616,0.03154362416107381,0.6845637583892616,5,40
2024-11-08,055550,56100.0,-0.1292335115864528,-0.1292335115864528,-0.1292335115864528,34,34
2024-11-08,077970,20400.0,-0.004901960784313708,0.05392156862745101,-0.17156862745098034,1,22
2024-11-08,082740,15190.0,0.41869651086240944,0.02501645819618159,0.41869651086240944,2,40
2024-11-08,105560,91200.0,-0.06688596491228072,0.06140350877192979,-0.06907894736842102,15,19
2024-11-08,195940,47700.0,-0.20545073375262057,-0.20545073375262057,-0.20545073375262057,40,40
2024-11-08,267260,367000.0,0.09400544959128054,0.09400544959128054,0.09400544959128054,40,40
2024-11-08,329180,212000.0,0.429245283018868,-0.047169811320754707,0.429245283018868,3,40
2024-12-06,012630,11200.0,0.14375000000000004,0.09107142857142847,0.14375000000000004,12,40
2024-12-06,016360,46850.0,0.0010672358591248265,-0.005336179295624355,0.0010672358591248265,35,40
2024-12-06,032830,101800.0,-0.13163064833005889,-0.027504911591355596,-0.027504911591355596,1,1
2024-12-06,267260,345000.0,0.12028985507246381,0.12028985507246381,0.12028985507246381,40,40
2024-12-06,329180,202500.0,0.5555555555555556,0.5555555555555556,0.5555555555555556,40,40
2024-12-06,347700,3865.0,0.5446313065976713,0.3350582147477361,0.5446313065976713,4,40
2025-01-08,006280,167000.0,-0.244311377245509,-0.22155688622754488,-0.22155688622754488,37,37
2025-01-08,012450,373202.0,0.7704540704497833,0.11214034222753355,0.7704540704497833,17,40
2025-01-08,012630,12440.0,0.13826366559485526,0.025723472668810254,0.13826366559485526,16,40
2025-01-08,138040,104000.0,0.12884615384615383,0.004807692307692291,0.12884615384615383,2,40
2025-01-08,138930,10370.0,0.0077145612343298975,0.11571841851494691,0.0077145612343298975,24,40
2025-01-08,141080,122600.0,-0.14763458401305052,-0.03588907014681897,-0.14763458401305052,4,40
2025-01-08,326030,117000.0,-0.09487179487179487,-0.02564102564102566,-0.09487179487179487,28,40
2025-02-11,000100,136800.0,-0.23026315789473684,-0.0650584795321637,-0.10453216374269003,1,8
2025-02-11,012630,12810.0,0.2177985948477752,-0.004683840749414525,0.2177985948477752,1,40
2025-02-11,017800,55100.0,0.019963702359346636,0.019963702359346636,0.019963702359346636,40,40
2025-02-11,018670,228000.0,0.03947368421052633,0.06798245614035081,0.03947368421052633,6,40
2025-02-11,138040,112200.0,0.00891265597147961,0.04991087344028511,0.00891265597147961,5,40
2025-02-11,140860,230500.0,-0.1544468546637744,-0.12147505422993488,-0.12147505422993488,26,26
2025-02-11,141080,118500.0,-0.16202531645569618,-0.23037974683544304,-0.23037974683544304,38,38
2025-02-11,214450,285000.0,0.19999999999999996,0.015789473684210575,0.19999999999999996,4,40
2025-02-11,271560,105400.0,0.09677419354838701,0.024667931688804545,0.09677419354838701,1,40
2025-02-11,298040,493000.0,-0.14807302231237318,0.014198782961460488,-0.11460446247464506,2,14
2025-02-11,326030,127000.0,-0.20551181102362204,-0.10236220472440949,-0.20551181102362204,8,40
2025-02-11,388720,47450.0,0.6522655426765016,0.13804004214963128,0.6522655426765016,4,40
2025-03-12,035420,217500.0,-0.12643678160919536,-0.12643678160919536,-0.12643678160919536,40,40
2025-03-12,071970,28550.0,0.30998248686514884,-0.0735551663747811,-0.0735551663747811,10,10
2025-03-12,267270,75000.0,-0.03733333333333333,-0.01733333333333331,-0.07999999999999996,3,6
2025-04-09,017960,18200.0,0.19505494505494503,0.06593406593406592,0.19505494505494503,3,40
2025-04-09,087010,119400.0,0.6306532663316582,0.44974874371859297,0.6306532663316582,12,40
2025-05-12,000150,362500.0,0.6993103448275861,0.6993103448275861,0.6993103448275861,40,40
2025-05-12,050890,7300.0,-0.020547945205479423,-0.020547945205479423,-0.020547945205479423,40,40
2025-05-12,108490,36128.0,0.9542183348095661,0.4016275465013286,0.9542183348095661,9,40
2025-06-11,042660,79600.0,0.4459798994974875,0.4597989949748744,0.4459798994974875,36,40
2025-06-11,095610,24450.0,-0.002044989775051076,-0.020449897750511203,-0.002044989775051076,2,40
2025-06-11,101490,39250.0,0.30955414012738847,0.30955414012738847,0.30955414012738847,40,40
2025-06-11,319400,4220.0,0.19668246445497628,0.24644549763033186,0.19668246445497628,13,40
2025-06-11,437730,13860.0,-0.11976911976911975,-0.11976911976911975,-0.11976911976911975,40,40
2025-07-09,087010,193200.0,0.5812629399585922,0.5087991718426501,0.5812629399585922,19,40
2025-08-06,226950,51000.0,0.8254901960784313,0.696078431372549,0.8254901960784313,25,40
2025-09-04,115180,12880.0,0.5799689440993789,0.46739130434782616,0.5799689440993789,20,40
2025-10-02,003230,1491000.0,-0.1220657276995305,-0.08718980549966471,-0.08718980549966471,17,17
2025-10-02,003540,26750.0,0.04485981308411224,0.11588785046728978,0.0037383177570093906,17,30
2025-10-02,322000,47050.0,0.13708820403825728,0.03931987247608926,0.13708820403825728,7,40
2025-11-06,030530,28600.0,0.5279720279720279,0.2430069930069929,0.5279720279720279,33,40
2025-11-06,039030,264000.0,0.2007575757575757,0.0,0.2007575757575757,1,40
2025-11-06,218410,32200.0,0.18012422360248448,-0.009316770186335366,0.18012422360248448,26,40
2025-12-04,034020,79600.0,0.18592964824120606,-0.018844221105527637,-0.03643216080402012,1,2
2025-12-04,039030,274500.0,0.4426229508196722,0.03460837887067392,0.4426229508196722,1,40
2025-12-04,278470,248500.0,0.1046277665995976,0.030181086519114775,-0.006036217303822977,9,10
2026-01-06,084370,94500.0,0.5195767195767196,-0.19047619047619047,-0.19047619047619047,12,12
2026-02-03,067310,36000.0,-0.1694444444444444,-0.043055555555555514,-0.19027777777777777,6,34
2026-02-03,084370,103000.0,0.18932038834951448,0.30194174757281544,0.18932038834951448,15,40
2026-02-03,089970,29900.0,0.37792642140468224,0.4364548494983278,0.37792642140468224,13,40
2026-02-03,222800,61000.0,-0.049180327868852514,-0.14754098360655743,-0.1885245901639344,2,35
2026-02-03,290650,89000.0,-0.26629213483146064,0.03483146067415732,-0.2078651685393258,1,36
2026-03-09,067310,34150.0,0.28843338213762815,0.030746705710102518,-0.14641288433382138,12,14
2026-03-09,115180,48100.0,-0.28898128898128894,-0.20893970893970892,-0.17567567567567566,15,16
2026-03-09,353200,64400.0,0.9627329192546583,0.020186335403726607,0.9627329192546583,1,40
